ph_mean,ph_var,temp_mean,temp_var,ph_freq
0.437428231,-0.202710138,1.091557349,-1.087251733,-0.651276839
1.833549585,0.503114152,1.268501286,-0.609582135,-0.758054012
-0.660393938,-0.407336543,0.179595591,0.835123631,-0.022730862
-0.299380078,-1.356276984,-0.908385912,-0.631678305,-0.708681921
-0.480421742,-0.171136457,-0.891361774,-0.039034583,0.293501757
-0.830782059,1.634345969,-0.73990654,1.532423124,1.847241878